-- phpMyAdmin SQL Dump
-- version 5.2.0
-- https://www.phpmyadmin.net/
--
-- Host: 127.0.0.1
-- Generation Time: May 29, 2023 at 12:24 PM
-- Server version: 10.4.25-MariaDB
-- PHP Version: 8.1.10

SET SQL_MODE = "NO_AUTO_VALUE_ON_ZERO";
START TRANSACTION;
SET time_zone = "+00:00";


/*!40101 SET @OLD_CHARACTER_SET_CLIENT=@@CHARACTER_SET_CLIENT */;
/*!40101 SET @OLD_CHARACTER_SET_RESULTS=@@CHARACTER_SET_RESULTS */;
/*!40101 SET @OLD_COLLATION_CONNECTION=@@COLLATION_CONNECTION */;
/*!40101 SET NAMES utf8mb4 */;

--
-- Database: `travel_db`
--

--
-- Dumping data for table `bus`
--

INSERT INTO `bus` (`id`, `name`, `brand`, `createdAt`, `updatedAt`) VALUES
(1, 'bus 1', 'brand 1', '2023-05-29 09:45:51', '2023-05-29 09:45:51'),
(2, 'bus 2', 'brand 2', '2023-05-29 09:45:58', '2023-05-29 09:45:58'),
(3, 'Bus 3 Update', 'brand 3', '2023-05-29 09:46:04', '2023-05-29 09:46:29'),
(4, 'bus 4', 'brand 4', '2023-05-29 09:46:11', '2023-05-29 09:46:11'),
(5, 'bus 5', 'brand 5', '2023-05-29 09:46:16', '2023-05-29 09:46:16');

--
-- Dumping data for table `bus_details`
--

INSERT INTO `bus_details` (`id`, `busId`, `departure_point`, `destination_point`, `departure_time`, `total_seats`, `price`, `createdAt`, `updatedAt`) VALUES
(1, 1, 'Bandung', 'Jakarta', '2023-05-30 12:00:00', 8, 100000, '2023-05-29 09:52:07', '2023-05-29 09:52:07'),
(2, 1, 'Bandung', 'Tanggerang', '2023-05-30 14:00:00', 4, 80000, '2023-05-29 09:53:00', '2023-05-29 09:53:00'),
(3, 2, 'Bandung', 'Ciamis', '2023-05-30 15:00:00', 13, 80000, '2023-05-29 09:53:54', '2023-05-29 09:53:54'),
(4, 3, 'Banjar', 'Ciamis', '2023-05-30 15:00:00', 8, 50000, '2023-05-29 09:54:39', '2023-05-29 09:54:39'),
(5, 4, 'Banjar', 'Garut', '2023-05-30 16:00:00', 15, 50000, '2023-05-29 09:54:55', '2023-05-29 09:54:55'),
(7, 5, 'Bandung', 'Banjar', '2023-05-30 15:00:00', 20, 75000, '2023-05-29 09:55:34', '2023-05-29 09:55:34');

--
-- Dumping data for table `seats`
--

INSERT INTO `seats` (`id`, `busDetailId`, `ticketId`, `seat_order`, `createdAt`, `updatedAt`) VALUES
(1, 1, 1, 'A1', '2023-05-29 09:52:07', '2023-05-29 10:16:52'),
(2, 1, 2, 'A2', '2023-05-29 09:52:07', '2023-05-29 10:17:28'),
(3, 1, NULL, 'A3', '2023-05-29 09:52:07', '2023-05-29 09:52:07'),
(4, 1, NULL, 'A4', '2023-05-29 09:52:08', '2023-05-29 09:52:08'),
(5, 1, NULL, 'A5', '2023-05-29 09:52:08', '2023-05-29 09:52:08'),
(6, 1, NULL, 'A6', '2023-05-29 09:52:08', '2023-05-29 09:52:08'),
(7, 1, NULL, 'A7', '2023-05-29 09:52:08', '2023-05-29 09:52:08'),
(8, 1, NULL, 'A8', '2023-05-29 09:52:08', '2023-05-29 09:52:08'),
(9, 2, NULL, 'A1', '2023-05-29 09:53:00', '2023-05-29 09:53:00'),
(10, 2, NULL, 'A2', '2023-05-29 09:53:00', '2023-05-29 09:53:00'),
(11, 2, NULL, 'A3', '2023-05-29 09:53:00', '2023-05-29 09:53:00'),
(12, 2, NULL, 'A4', '2023-05-29 09:53:00', '2023-05-29 09:53:00'),
(13, 3, NULL, 'A1', '2023-05-29 09:53:55', '2023-05-29 09:53:55'),
(14, 3, NULL, 'A2', '2023-05-29 09:53:55', '2023-05-29 09:53:55'),
(15, 3, NULL, 'A3', '2023-05-29 09:53:55', '2023-05-29 09:53:55'),
(16, 3, NULL, 'A4', '2023-05-29 09:53:55', '2023-05-29 09:53:55'),
(17, 3, NULL, 'A5', '2023-05-29 09:53:55', '2023-05-29 09:53:55'),
(18, 3, NULL, 'A6', '2023-05-29 09:53:55', '2023-05-29 09:53:55'),
(19, 3, NULL, 'A7', '2023-05-29 09:53:55', '2023-05-29 09:53:55'),
(20, 3, NULL, 'A8', '2023-05-29 09:53:55', '2023-05-29 09:53:55'),
(21, 3, NULL, 'A9', '2023-05-29 09:53:55', '2023-05-29 09:53:55'),
(22, 3, NULL, 'A10', '2023-05-29 09:53:55', '2023-05-29 09:53:55'),
(23, 3, NULL, 'A11', '2023-05-29 09:53:55', '2023-05-29 09:53:55'),
(24, 3, NULL, 'A12', '2023-05-29 09:53:55', '2023-05-29 09:53:55'),
(25, 3, NULL, 'A13', '2023-05-29 09:53:55', '2023-05-29 09:53:55'),
(26, 4, NULL, 'A1', '2023-05-29 09:54:39', '2023-05-29 09:54:39'),
(27, 4, NULL, 'A2', '2023-05-29 09:54:39', '2023-05-29 09:54:39'),
(28, 4, NULL, 'A3', '2023-05-29 09:54:39', '2023-05-29 09:54:39'),
(29, 4, NULL, 'A4', '2023-05-29 09:54:39', '2023-05-29 09:54:39'),
(30, 4, NULL, 'A5', '2023-05-29 09:54:39', '2023-05-29 09:54:39'),
(31, 4, NULL, 'A6', '2023-05-29 09:54:39', '2023-05-29 09:54:39'),
(32, 4, NULL, 'A7', '2023-05-29 09:54:39', '2023-05-29 09:54:39'),
(33, 4, NULL, 'A8', '2023-05-29 09:54:39', '2023-05-29 09:54:39'),
(34, 5, NULL, 'A1', '2023-05-29 09:54:55', '2023-05-29 09:54:55'),
(35, 5, NULL, 'A2', '2023-05-29 09:54:55', '2023-05-29 09:54:55'),
(36, 5, NULL, 'A3', '2023-05-29 09:54:55', '2023-05-29 09:54:55'),
(37, 5, NULL, 'A4', '2023-05-29 09:54:55', '2023-05-29 09:54:55'),
(38, 5, NULL, 'A5', '2023-05-29 09:54:55', '2023-05-29 09:54:55'),
(39, 5, NULL, 'A6', '2023-05-29 09:54:55', '2023-05-29 09:54:55'),
(40, 5, NULL, 'A7', '2023-05-29 09:54:55', '2023-05-29 09:54:55'),
(41, 5, NULL, 'A8', '2023-05-29 09:54:55', '2023-05-29 09:54:55'),
(42, 5, NULL, 'A9', '2023-05-29 09:54:55', '2023-05-29 09:54:55'),
(43, 5, NULL, 'A10', '2023-05-29 09:54:55', '2023-05-29 09:54:55'),
(44, 5, NULL, 'A11', '2023-05-29 09:54:55', '2023-05-29 09:54:55'),
(45, 5, NULL, 'A12', '2023-05-29 09:54:55', '2023-05-29 09:54:55'),
(46, 5, NULL, 'A13', '2023-05-29 09:54:55', '2023-05-29 09:54:55'),
(47, 5, NULL, 'A14', '2023-05-29 09:54:55', '2023-05-29 09:54:55'),
(48, 5, NULL, 'A15', '2023-05-29 09:54:55', '2023-05-29 09:54:55'),
(49, 7, NULL, 'A1', '2023-05-29 09:55:34', '2023-05-29 09:55:34'),
(50, 7, NULL, 'A2', '2023-05-29 09:55:34', '2023-05-29 09:55:34'),
(51, 7, NULL, 'A3', '2023-05-29 09:55:34', '2023-05-29 09:55:34'),
(52, 7, NULL, 'A4', '2023-05-29 09:55:34', '2023-05-29 09:55:34'),
(53, 7, NULL, 'A5', '2023-05-29 09:55:34', '2023-05-29 09:55:34'),
(54, 7, NULL, 'A6', '2023-05-29 09:55:34', '2023-05-29 09:55:34'),
(55, 7, NULL, 'A7', '2023-05-29 09:55:34', '2023-05-29 09:55:34'),
(56, 7, NULL, 'A8', '2023-05-29 09:55:34', '2023-05-29 09:55:34'),
(57, 7, NULL, 'A9', '2023-05-29 09:55:34', '2023-05-29 09:55:34'),
(58, 7, NULL, 'A10', '2023-05-29 09:55:34', '2023-05-29 09:55:34'),
(59, 7, NULL, 'A11', '2023-05-29 09:55:34', '2023-05-29 09:55:34'),
(60, 7, NULL, 'A12', '2023-05-29 09:55:34', '2023-05-29 09:55:34'),
(61, 7, NULL, 'A13', '2023-05-29 09:55:34', '2023-05-29 09:55:34'),
(62, 7, NULL, 'A14', '2023-05-29 09:55:34', '2023-05-29 09:55:34'),
(63, 7, NULL, 'A15', '2023-05-29 09:55:34', '2023-05-29 09:55:34'),
(64, 7, NULL, 'A16', '2023-05-29 09:55:34', '2023-05-29 09:55:34'),
(65, 7, NULL, 'A17', '2023-05-29 09:55:34', '2023-05-29 09:55:34'),
(66, 7, NULL, 'A18', '2023-05-29 09:55:34', '2023-05-29 09:55:34'),
(67, 7, NULL, 'A19', '2023-05-29 09:55:34', '2023-05-29 09:55:34'),
(68, 7, NULL, 'A20', '2023-05-29 09:55:34', '2023-05-29 09:55:34');

--
-- Dumping data for table `tickets`
--

INSERT INTO `tickets` (`id`, `uuid`, `busDetailId`, `userId`, `name_traveler`, `total_amount`, `createdAt`, `updatedAt`) VALUES
(1, 'be3ea39e-7d22-47a9-9fd7-683da6c81411', 1, 1, 'Yandi', 100000, '2023-05-29 10:16:52', '2023-05-29 10:16:52'),
(2, 'b7d28bea-ecc3-4de2-8da5-5d6c180c8a5e', 1, 1, 'Anif', 100000, '2023-05-29 10:17:28', '2023-05-29 10:17:28');

--
-- Dumping data for table `transactions`
--

INSERT INTO `transactions` (`no_order`, `ticketId`, `status`, `payment_method`, `createdAt`, `updatedAt`) VALUES
('20230529172102', 1, 'Success', 'bca', '2023-05-29 10:21:02', '2023-05-29 10:21:41'),
('20230529172111', 2, 'Waiting', 'bca', '2023-05-29 10:21:11', '2023-05-29 10:21:11');

--
-- Dumping data for table `users`
--

INSERT INTO `users` (`id`, `name`, `email`, `gender`, `password`, `phone_number`, `createdAt`, `updatedAt`) VALUES
(1, 'John Doe', 'johndoe@gmail.com', 'male', '$argon2id$v=19$m=65536,t=3,p=4$qhMwTF3c5meMBvQ8vm/yKA$YgCf8HlnT7VtGDLff950bm8YH6/hcLZC0iyacjYrVOE', '08123456789', '2023-05-29 09:34:58', '2023-05-29 09:45:00'),
(2, 'Jane Smith', 'janesmith@gmail.com', 'male', '$argon2id$v=19$m=65536,t=3,p=4$/7McLXMmD+jTwT4le2tisg$Eia3ru7b4LVplqOlcNMgKPQik6hI+Gops1wCRGXfB+o', '08123456789', '2023-05-29 09:35:40', '2023-05-29 09:35:40'),
(3, 'alice smith', 'alicejohnson@gmail.com', 'female', '$argon2id$v=19$m=65536,t=3,p=4$kb0hQ81Mz8lxHOvv9NVptg$KTpMQCRif8Vrd9wgYQIyrmJJsnCiqYr4bQEs2uRxBXQ', '08123456789', '2023-05-29 09:36:21', '2023-05-29 09:36:21');
COMMIT;

/*!40101 SET CHARACTER_SET_CLIENT=@OLD_CHARACTER_SET_CLIENT */;
/*!40101 SET CHARACTER_SET_RESULTS=@OLD_CHARACTER_SET_RESULTS */;
/*!40101 SET COLLATION_CONNECTION=@OLD_COLLATION_CONNECTION */;
